No,投稿日,タイトル,企画カテゴリ,秒数,再生回数,リーチ数,いいね,コメント,シェア,保存数,エンゲージ数,エンゲージ率%,保存率%,コメント率%,平均視聴秒,フル視聴率%,プロフィール閲覧数,フォロワー増加数,おすすめ%,検索%,男性%,女性%,動画ID,動画URL
1,2026-07-11,仙台牛1口でご飯何口？,参加・チャレンジ企画,57.515,10011,4149.0,89,2,4,7,102,1.02,0.07,0.02,19.35,2.81,92.0,6.0,99.1,0.1,73.0,27.0,7660777392746581266,https://www.tiktok.com/@rikyu.official/video/7660777392746581266
2,2026-07-09,南三陸産アワビ炭火・裏メニュー,高級・限定メニュー,34.369,1358,1125.0,21,0,0,0,21,1.55,0.0,0.0,9.94,4.44,39.0,0.0,86.4,2.1,65.0,35.0,7660091242570681608,https://www.tiktok.com/@rikyu.official/video/7660091242570681608
3,2026-07-08,肉厚ジューシー牛たん炭火焼き,定番・日常訴求,21.44,1763,1464.0,44,2,0,6,52,2.95,0.34,0.113,5.66,4.55,44.0,1.0,80.1,7.1,60.0,40.0,7660057009349250311,https://www.tiktok.com/@rikyu.official/video/7660057009349250311
4,2026-07-01,平日限定 純レバスタミナ炒め定食,高級・限定メニュー,60.886,5271,4716.0,69,0,1,9,79,1.5,0.171,0.0,11.64,3.2,123.0,5.0,94.1,1.7,62.0,38.0,7657491378028432647,https://www.tiktok.com/@rikyu.official/video/7657491378028432647
5,2026-06-28,牛たんシチューとご飯,サイドメニュー訴求,75.713,4556,4185.0,39,4,0,4,47,1.03,0.088,0.088,15.66,2.4,138.0,6.0,93.3,0.9,73.0,27.0,7656253127661718791,https://www.tiktok.com/@rikyu.official/video/7656253127661718791
6,2026-06-26,シチューは飲み物,サイドメニュー訴求,90.305,1671,1407.0,38,2,1,7,48,2.87,0.419,0.12,8.78,1.96,68.0,1.0,83.5,2.5,64.0,36.0,7655571765518961928,https://www.tiktok.com/@rikyu.official/video/7655571765518961928
7,2026-06-24,絶品牛たん何口いける？,参加・チャレンジ企画,81.942,752,645.0,10,0,0,0,10,1.33,0.0,0.0,11.78,1.46,11.0,0.0,63.5,1.6,64.0,36.0,7654856638880353543,https://www.tiktok.com/@rikyu.official/video/7654856638880353543
8,2026-06-22,ミックスグリル限界挑戦,参加・チャレンジ企画,103.105,952,787.0,13,0,0,0,13,1.37,0.0,0.0,10.62,1.71,43.0,0.0,71.3,5.5,66.0,34.0,7654115711329029384,https://www.tiktok.com/@rikyu.official/video/7654115711329029384
9,2026-06-18,社員が本音でオススメ・1万円の使い方,焼き音・ASMR,58.987,2298,2043.0,49,2,0,7,58,2.52,0.305,0.087,10.24,3.33,65.0,2.0,82.7,4.7,66.0,34.0,7652616424602520840,https://www.tiktok.com/@rikyu.official/video/7652616424602520840
10,2026-06-13,お刺身盛り合わせ,サイドメニュー訴求,58.816,1571,1312.0,29,0,0,4,33,2.1,0.255,0.0,7.8,2.3,42.0,0.0,76.0,3.3,61.0,39.0,7650781859403664641,https://www.tiktok.com/@rikyu.official/video/7650781859403664641
11,2026-06-11,ハラミ1口限界チャレンジ,参加・チャレンジ企画,54.785,14104,13421.0,85,2,0,12,99,0.7,0.085,0.014,15.3,3.64,290.0,5.0,96.2,1.4,75.0,25.0,7649652961131482376,https://www.tiktok.com/@rikyu.official/video/7649652961131482376
12,2026-06-09,シャリアピンソース・ハラミステーキ,定番・日常訴求,38.976,1714,1498.0,50,0,1,7,58,3.38,0.408,0.0,6.21,3.43,51.0,3.0,73.4,4.2,60.0,40.0,7649264745463221512,https://www.tiktok.com/@rikyu.official/video/7649264745463221512
13,2026-06-04,山菜天ぷら盛り合わせ,サイドメニュー訴求,60.011,1818,1599.0,35,4,0,3,42,2.31,0.165,0.22,6.49,1.74,57.0,1.0,71.7,4.2,63.0,37.0,7646656120542547218,https://www.tiktok.com/@rikyu.official/video/7646656120542547218
14,2026-06-02,職人の炭火牛たん焼き,製造・職人・舞台裏,41.11,2573,2191.0,43,4,2,4,53,2.06,0.155,0.155,7.6,2.88,57.0,1.0,71.4,5.8,64.0,36.0,7646655534481034514,https://www.tiktok.com/@rikyu.official/video/7646655534481034514
15,2026-05-31,サクサク天ぷら,サイドメニュー訴求,56.235,2692,2451.0,38,2,0,6,46,1.71,0.223,0.074,7.15,2.63,96.0,2.0,77.3,2.8,63.0,37.0,7644451910115675410,https://www.tiktok.com/@rikyu.official/video/7644451910115675410
16,2026-05-29,焼き長「常に1枚目のつもり」,定番・日常訴求,39.702,4237,3803.0,57,8,2,7,74,1.75,0.165,0.189,8.58,4.47,87.0,4.0,77.0,6.0,65.0,35.0,7644450820917873927,https://www.tiktok.com/@rikyu.official/video/7644450820917873927
17,2026-05-27,熱々テールスープ,サイドメニュー訴求,55.147,29189,25529.0,332,23,1,41,397,1.36,0.14,0.079,10.58,2.02,739.0,24.0,95.4,1.2,80.0,20.0,7644450302699080978,https://www.tiktok.com/@rikyu.official/video/7644450302699080978
18,2026-05-16,ミックスグリル定食・社員ガチ推し,サイドメニュー訴求,45.014,3057,2555.0,55,3,2,6,66,2.16,0.196,0.098,7.6,3.32,93.0,10.0,69.1,7.3,65.0,35.0,7640300958278372616,https://www.tiktok.com/@rikyu.official/video/7640300958278372616
19,2026-05-15,牛たん×ビール,サイドメニュー訴求,70.4,1519,1180.0,28,0,1,4,33,2.17,0.263,0.0,10.14,2.49,49.0,1.0,48.3,5.1,64.0,36.0,7639998881475972359,https://www.tiktok.com/@rikyu.official/video/7639998881475972359
20,2026-05-14,泉ヶ岳の行者ニンニク,サイドメニュー訴求,67.52,1332,1118.0,8,1,1,0,10,0.75,0.0,0.075,12.02,2.45,15.0,0.0,43.6,7.1,70.0,30.0,7639628012681530631,https://www.tiktok.com/@rikyu.official/video/7639628012681530631
21,2026-05-09,塩釜産本マグロ大トロ,高級・限定メニュー,24.171,3596,3288.0,55,0,4,6,65,1.81,0.167,0.0,8.13,8.28,83.0,7.0,76.7,7.8,66.0,34.0,7637396108477500680,https://www.tiktok.com/@rikyu.official/video/7637396108477500680
22,2026-05-08,仙台牛レア牛カツ,高級・限定メニュー,38.571,3269,2737.0,56,1,1,8,66,2.02,0.245,0.031,7.72,3.61,93.0,2.0,73.2,8.1,68.0,32.0,7637395673427578120,https://www.tiktok.com/@rikyu.official/video/7637395673427578120
23,2026-05-07,本格刺身も楽しめる,サイドメニュー訴求,74.24,1753,1425.0,28,0,0,3,31,1.77,0.171,0.0,6.73,1.94,38.0,0.0,61.5,9.1,60.0,40.0,7637034791237455112,https://www.tiktok.com/@rikyu.official/video/7637034791237455112
24,2026-05-05,神戸牛ひつまぶし,高級・限定メニュー,79.275,1890,1544.0,31,0,0,4,35,1.85,0.212,0.0,7.96,2.04,30.0,1.0,62.2,11.1,62.0,38.0,7634821649031761170,https://www.tiktok.com/@rikyu.official/video/7634821649031761170
25,2026-05-03,牛たん利久なのに神戸牛,高級・限定メニュー,50.006,2199,1825.0,37,0,0,6,43,1.96,0.273,0.0,8.77,3.65,67.0,0.0,71.8,1.9,66.0,34.0,7634821321083342087,https://www.tiktok.com/@rikyu.official/video/7634821321083342087
26,2026-05-01,神戸牛ヒレステーキ,高級・限定メニュー,28.31,2810,2367.0,31,2,0,4,37,1.32,0.142,0.071,6.72,5.26,83.0,3.0,64.4,17.9,62.0,38.0,7634819364549709064,https://www.tiktok.com/@rikyu.official/video/7634819364549709064
27,2026-02-18,切り方について,二択・クイズ・検証,64.108,4989,4057.0,67,2,2,3,74,1.48,0.06,0.04,12.47,3.39,132.0,9.0,61.5,16.2,63.0,37.0,7608121350124735764,https://www.tiktok.com/@rikyu.official/video/7608121350124735764
28,2026-02-17,神戸牛ひつまぶし(2),高級・限定メニュー,54.055,4275,3416.0,50,0,1,3,54,1.26,0.07,0.0,10.87,3.31,46.0,1.0,52.4,21.3,56.0,44.0,7607762595885518101,https://www.tiktok.com/@rikyu.official/video/7607762595885518101
29,2026-02-14,こだわりテールスープ,製造・職人・舞台裏,34.305,87405,78572.0,703,24,12,88,827,0.95,0.101,0.027,10.72,5.14,1908.0,116.0,84.3,13.5,67.0,33.0,7606628909572001042,https://www.tiktok.com/@rikyu.official/video/7606628909572001042
30,2026-02-13,揚げたてサクサク,定番・日常訴求,65.92,31728,30054.0,126,4,3,16,149,0.47,0.05,0.013,18.38,2.17,577.0,24.0,92.9,1.4,77.0,23.0,7606256546397326610,https://www.tiktok.com/@rikyu.official/video/7606256546397326610
31,2026-02-12,やっぱりこれは外せない,定番・日常訴求,96.246,14690,13196.0,140,5,2,17,164,1.12,0.116,0.034,10.99,1.34,227.0,22.0,69.5,18.1,62.0,38.0,7605899325310487815,https://www.tiktok.com/@rikyu.official/video/7605899325310487815
32,2026-02-03,冷えた身体にしみわたる,定番・日常訴求,72.515,12829,11450.0,116,5,7,19,147,1.15,0.148,0.039,10.72,2.85,294.0,8.0,72.0,14.5,72.0,28.0,7602548287329127687,https://www.tiktok.com/@rikyu.official/video/7602548287329127687
33,2026-02-01,焼き音がたまらない,焼き音・ASMR,67.871,5996,5052.0,73,4,2,20,99,1.65,0.334,0.067,10.46,6.8,104.0,13.0,59.8,9.9,71.0,29.0,7601809994031353095,https://www.tiktok.com/@rikyu.official/video/7601809994031353095
34,2026-01-31,人気企画が帰ってきた,定番・日常訴求,44.605,62159,56797.0,426,9,11,48,494,0.79,0.077,0.014,19.82,22.89,1564.0,37.0,93.4,2.6,76.0,24.0,7601434824490028296,https://www.tiktok.com/@rikyu.official/video/7601434824490028296
35,2026-01-29,美味しいのは牛たんだけじゃない,定番・日常訴求,84.473,10238,9331.0,94,9,3,17,123,1.2,0.166,0.088,12.25,2.09,119.0,10.0,74.8,6.7,67.0,33.0,7600697621451246866,https://www.tiktok.com/@rikyu.official/video/7600697621451246866
36,2026-01-28,職人が炭火で丁寧に焼く,製造・職人・舞台裏,60.951,6457,5538.0,68,2,3,11,84,1.3,0.17,0.031,10.22,4.71,141.0,7.0,58.4,13.5,65.0,35.0,7600315390274604296,https://www.tiktok.com/@rikyu.official/video/7600315390274604296
37,2026-01-27,こだわりの牛たん,製造・職人・舞台裏,63.575,9634,8183.0,73,5,1,8,87,0.9,0.083,0.052,10.98,8.2,335.0,8.0,59.4,22.0,65.0,35.0,7599948210165009682,https://www.tiktok.com/@rikyu.official/video/7599948210165009682
38,2025-07-19,利久DAY 始球式,コラボ・イベントPR,74.07,6074,3520.0,44,1,5,5,55,0.91,0.082,0.016,4.68,0.74,83.0,0.0,25.5,51.1,53.0,46.0,7528715185633152274,https://www.tiktok.com/@rikyu.official/video/7528715185633152274
39,2024-08-30,何個分かりましたか,二択・クイズ・検証,32.15,7084,4497.0,43,1,1,4,49,0.69,0.056,0.014,6.6,6.57,81.0,1.0,21.4,27.2,61.0,38.0,7408841773876907282,https://www.tiktok.com/@rikyu.official/video/7408841773876907282
40,2024-08-27,どれも最高のお肉,ランキング・比較,35.606,5659,4583.0,73,2,2,6,83,1.47,0.106,0.035,8.81,10.99,51.0,2.0,31.6,7.3,66.0,33.0,7407729375682088210,https://www.tiktok.com/@rikyu.official/video/7407729375682088210
41,2024-08-25,これも美味しすぎ,定番・日常訴求,32.406,6110,4668.0,49,3,1,3,56,0.92,0.049,0.049,10.66,11.59,97.0,3.0,41.2,4.9,70.0,29.0,7406336964229598471,https://www.tiktok.com/@rikyu.official/video/7406336964229598471
42,2024-08-23,プロの手作業,製造・職人・舞台裏,54.742,4291,3502.0,57,2,2,5,66,1.54,0.117,0.047,12.03,8.88,39.0,1.0,23.6,6.3,64.0,35.0,7406245123597569298,https://www.tiktok.com/@rikyu.official/video/7406245123597569298
43,2024-08-19,好きなものありましたか,ランキング・比較,49.92,5076,4241.0,52,3,2,3,60,1.18,0.059,0.059,9.69,9.3,52.0,1.0,39.1,4.9,68.0,31.0,7404759740586265874,https://www.tiktok.com/@rikyu.official/video/7404759740586265874
44,2024-08-17,ぜひお越しください,定番・日常訴求,45.846,3674,2713.0,54,4,1,4,63,1.71,0.109,0.109,6.96,4.39,73.0,1.0,27.9,7.1,65.0,34.0,7404018786610859272,https://www.tiktok.com/@rikyu.official/video/7404018786610859272
45,2024-08-16,ご飯が進みすぎ,定番・日常訴求,53.313,9120,7709.0,82,4,3,6,95,1.04,0.066,0.044,17.37,11.11,161.0,2.0,75.0,2.1,77.0,23.0,7402912981819870482,https://www.tiktok.com/@rikyu.official/video/7402912981819870482
46,2024-08-14,職人さんすごい,製造・職人・舞台裏,43.606,3394,2635.0,30,0,0,2,32,0.94,0.059,0.0,7.11,6.44,19.0,1.0,37.8,5.0,68.0,31.0,7402912518131305735,https://www.tiktok.com/@rikyu.official/video/7402912518131305735
47,2024-08-11,どんなお肉が好き,ランキング・比較,49.302,3388,2688.0,61,1,0,3,65,1.92,0.089,0.03,10.08,8.31,31.0,2.0,41.2,5.5,70.0,29.0,7401795605808319764,https://www.tiktok.com/@rikyu.official/video/7401795605808319764
48,2024-08-10,ぜひお試しください,定番・日常訴求,41.536,2790,2335.0,41,0,0,2,43,1.54,0.072,0.0,4.28,2.71,45.0,5.0,38.0,5.4,66.0,33.0,7401416556393155857,https://www.tiktok.com/@rikyu.official/video/7401416556393155857
49,2024-08-08,一緒に考えてみて,二択・クイズ・検証,63.169,2548,1956.0,36,3,1,1,41,1.61,0.039,0.118,12.3,6.74,40.0,2.0,34.9,5.4,65.0,34.0,7400696227265891591,https://www.tiktok.com/@rikyu.official/video/7400696227265891591
50,2024-08-05,一緒に考えてね,二択・クイズ・検証,48.534,3546,2900.0,51,0,1,4,56,1.58,0.113,0.0,11.47,9.17,36.0,1.0,58.0,3.9,74.0,26.0,7399551408271461640,https://www.tiktok.com/@rikyu.official/video/7399551408271461640
51,2024-08-03,ご飯にめっちゃ合う,定番・日常訴求,37.419,19479,16832.0,153,1,1,11,166,0.85,0.056,0.005,16.7,20.72,400.0,15.0,89.3,0.8,82.0,18.0,7398452213334412562,https://www.tiktok.com/@rikyu.official/video/7398452213334412562
52,2024-08-02,今日も牛たんが美味しい,定番・日常訴求,38.742,2405,1805.0,30,0,0,1,31,1.29,0.042,0.0,9.32,10.19,38.0,1.0,31.4,2.8,67.0,32.0,7398452586292071687,https://www.tiktok.com/@rikyu.official/video/7398452586292071687
53,2024-07-31,手作業にこだわる,製造・職人・舞台裏,34.219,2649,1999.0,47,1,0,1,49,1.85,0.038,0.038,5.95,6.77,65.0,2.0,36.5,5.0,70.0,30.0,7397713136276475144,https://www.tiktok.com/@rikyu.official/video/7397713136276475144
54,2024-07-29,工場の職人さんすごい,製造・職人・舞台裏,55.702,4079,3280.0,71,0,1,3,75,1.84,0.074,0.0,13.62,9.37,59.0,3.0,55.6,4.8,75.0,25.0,7396964413074459912,https://www.tiktok.com/@rikyu.official/video/7396964413074459912
55,2024-07-28,立場逆転！？,定番・日常訴求,41.515,17416,15029.0,167,2,1,12,182,1.05,0.069,0.011,17.21,12.04,436.0,7.0,86.8,1.2,81.0,19.0,7396238027611262216,https://www.tiktok.com/@rikyu.official/video/7396238027611262216
56,2024-07-27,もっとたべたい,定番・日常訴求,47.616,10434,9158.0,101,3,3,1,108,1.04,0.01,0.029,19.69,17.52,183.0,5.0,79.0,1.2,80.0,20.0,7396236682464480530,https://www.tiktok.com/@rikyu.official/video/7396236682464480530
57,2024-07-24,1位当ててみて,二択・クイズ・検証,21.675,3342,2704.0,22,2,0,1,25,0.75,0.03,0.06,6.41,7.98,31.0,1.0,38.8,4.2,72.0,28.0,7395115706204900609,https://www.tiktok.com/@rikyu.official/video/7395115706204900609
58,2024-07-20,一緒に考えてみて(大ヒット),二択・クイズ・検証,55.595,209433,187161.0,2145,53,30,142,2370,1.13,0.068,0.025,23.1,14.49,2166.0,115.0,98.1,0.5,49.0,50.0,7393645180194262288,https://www.tiktok.com/@rikyu.official/video/7393645180194262288
59,2024-07-18,召し上がってみて,定番・日常訴求,36.971,4421,3523.0,65,0,2,3,70,1.58,0.068,0.0,8.49,8.87,54.0,3.0,28.9,28.5,66.0,34.0,7392487890372119809,https://www.tiktok.com/@rikyu.official/video/7392487890372119809
60,2024-07-17,どの部位が好き,ランキング・比較,43.222,9018,7805.0,84,11,0,7,102,1.13,0.078,0.122,16.18,14.78,139.0,3.0,76.7,2.7,81.0,19.0,7392486692562717953,https://www.tiktok.com/@rikyu.official/video/7392486692562717953
61,2024-07-11,まさかのルール放棄,参加・チャレンジ企画,36.587,97599,87812.0,781,7,11,58,857,0.88,0.059,0.007,17.79,26.22,1937.0,46.0,95.3,1.5,76.0,24.0,7389924309759708433,https://www.tiktok.com/@rikyu.official/video/7389924309759708433
62,2024-07-10,わさび醤油が最高,定番・日常訴求,54.4,5716,4598.0,66,1,0,5,72,1.26,0.087,0.017,11.59,6.18,0.0,4.0,37.4,12.9,72.0,28.0,7389923839418830096,https://www.tiktok.com/@rikyu.official/video/7389923839418830096
63,2024-07-06,どれが食べたい,ランキング・比較,63.211,5093,3893.0,23,1,2,3,29,0.57,0.059,0.02,6.06,2.58,0.0,4.0,20.7,27.8,63.0,37.0,7387695104535907600,https://www.tiktok.com/@rikyu.official/video/7387695104535907600
64,2024-07-04,どこだと思う,二択・クイズ・検証,35.286,59913,55151.0,366,37,3,37,443,0.74,0.062,0.062,16.02,22.16,0.0,24.0,94.8,0.5,76.0,24.0,7387694426384076033,https://www.tiktok.com/@rikyu.official/video/7387694426384076033
65,2024-06-30,もっと食べたい,定番・日常訴求,53.12,53303,47007.0,510,17,10,42,579,1.09,0.079,0.032,21.23,19.27,0.0,54.0,92.2,1.5,83.0,17.0,7385718699354819841,https://www.tiktok.com/@rikyu.official/video/7385718699354819841
66,2024-06-29,音が最高,焼き音・ASMR,64.575,20357,16602.0,200,3,1,15,219,1.08,0.074,0.015,14.44,3.87,0.0,10.0,58.3,25.5,72.0,28.0,7385718322320411921,https://www.tiktok.com/@rikyu.official/video/7385718322320411921
67,2024-06-24,ほやっほー祭,コラボ・イベントPR,97.643,3891,2990.0,39,0,0,2,41,1.05,0.051,0.0,10.28,0.8,0.0,3.0,16.1,13.6,70.0,30.0,7384022499069086992,https://www.tiktok.com/@rikyu.official/video/7384022499069086992
68,2024-06-23,萌江さんと焼きホヤ,サイドメニュー訴求,98.945,8103,6275.0,54,1,0,3,58,0.72,0.037,0.012,11.21,0.94,0.0,7.0,18.8,49.1,60.0,40.0,7383214592589155600,https://www.tiktok.com/@rikyu.official/video/7383214592589155600
69,2024-06-22,ほやドル萌江さん来店,コラボ・イベントPR,127.851,4290,3184.0,44,2,1,1,48,1.12,0.023,0.047,11.23,1.01,0.0,1.0,15.7,25.7,64.0,35.0,7383213128269516049,https://www.tiktok.com/@rikyu.official/video/7383213128269516049
70,2024-06-01,焼き長 音だけで焼ける(大ヒット),焼き音・ASMR,78.913,909580,853122.0,8541,82,59,266,8948,0.98,0.029,0.009,37.7,25.96,0.0,371.0,81.7,17.8,68.0,32.0,7375447981815778561,https://www.tiktok.com/@rikyu.official/video/7375447981815778561
71,2024-05-30,どっちが食べたい,二択・クイズ・検証,26.945,11126,9364.0,91,1,1,9,102,0.92,0.081,0.009,10.43,13.54,0.0,2.0,37.8,12.2,77.0,23.0,7373936904208747777,https://www.tiktok.com/@rikyu.official/video/7373936904208747777
72,2024-05-28,もっと食べたい,定番・日常訴求,33.216,52444,45609.0,393,10,3,20,426,0.81,0.038,0.019,17.87,29.12,0.0,39.0,78.2,10.8,80.0,20.0,7373936514952105233,https://www.tiktok.com/@rikyu.official/video/7373936514952105233
73,2024-05-24,大きな牛たんで大満足,定番・日常訴求,30.849,6370,5206.0,60,2,0,4,66,1.04,0.063,0.031,5.19,4.53,0.0,5.0,18.6,7.2,74.0,26.0,7371735277364202769,https://www.tiktok.com/@rikyu.official/video/7371735277364202769
74,2024-05-23,今日も美味しく焼けた,定番・日常訴求,28.886,8403,7204.0,166,2,1,12,181,2.15,0.143,0.024,11.19,17.89,0.0,8.0,32.5,4.5,75.0,25.0,7371734991090306305,https://www.tiktok.com/@rikyu.official/video/7371734991090306305
75,2024-05-22,焼き長、即帰宅,参加・チャレンジ企画,17.707,5564,4646.0,43,0,0,3,46,0.83,0.054,0.0,6.38,15.12,0.0,2.0,24.9,2.5,77.0,23.0,7371734610419436816,https://www.tiktok.com/@rikyu.official/video/7371734610419436816
76,2024-05-17,どっちを食べたい,二択・クイズ・検証,27.286,10160,8700.0,82,5,1,13,101,0.99,0.128,0.049,11.29,15.31,0.0,2.0,59.8,3.8,82.0,18.0,7369487935252532481,https://www.tiktok.com/@rikyu.official/video/7369487935252532481
77,2024-05-16,ご飯が進む,定番・日常訴求,51.243,36351,32701.0,248,2,1,22,273,0.75,0.061,0.006,19.63,15.13,0.0,15.0,81.8,8.5,82.0,18.0,7369486805244120336,https://www.tiktok.com/@rikyu.official/video/7369486805244120336
78,2024-05-11,おうち利久,定番・日常訴求,24.939,9412,8738.0,111,5,2,5,123,1.31,0.053,0.053,8.11,11.33,0.0,3.0,51.5,10.5,78.0,22.0,7367626054053186833,https://www.tiktok.com/@rikyu.official/video/7367626054053186833
79,2024-05-09,最高すぎる,定番・日常訴求,38.785,19087,18758.0,183,15,0,8,206,1.08,0.042,0.079,14.67,13.35,0.0,14.0,80.4,2.1,85.0,15.0,7366532160959843600,https://www.tiktok.com/@rikyu.official/video/7366532160959843600
80,2024-05-08,お家でチャレンジ,参加・チャレンジ企画,97.515,5302,4528.0,111,1,0,8,120,2.26,0.151,0.019,22.65,3.67,0.0,4.0,39.1,3.1,76.0,23.0,7366534211370618128,https://www.tiktok.com/@rikyu.official/video/7366534211370618128
81,2024-05-07,何口いけそう(タイハク),参加・チャレンジ企画,83.073,13520,12211.0,121,10,3,10,144,1.07,0.074,0.074,15.07,3.16,0.0,14.0,72.3,4.5,58.0,42.0,7366170525804137744,https://www.tiktok.com/@rikyu.official/video/7366170525804137744
82,2024-05-02,タイハクさんコラボ,コラボ・イベントPR,78.507,25746,23797.0,330,30,4,23,387,1.5,0.089,0.117,14.94,3.28,0.0,39.0,79.8,5.2,78.0,22.0,7364248079786118401,https://www.tiktok.com/@rikyu.official/video/7364248079786118401
83,2024-04-29,今日も最高の牛たん,定番・日常訴求,35.883,7416,6427.0,151,2,0,13,166,2.24,0.175,0.027,11.97,21.16,0.0,8.0,48.9,5.8,78.0,22.0,7363202403883142417,https://www.tiktok.com/@rikyu.official/video/7363202403883142417
84,2024-04-28,明日こそ…！,定番・日常訴求,19.136,4317,3877.0,42,2,0,5,49,1.14,0.116,0.046,5.43,11.37,0.0,2.0,30.6,2.9,74.0,25.0,7362824226476215553,https://www.tiktok.com/@rikyu.official/video/7362824226476215553
85,2024-04-27,毎日牛たん生活,定番・日常訴求,37.014,6239,5543.0,98,0,1,6,105,1.68,0.096,0.0,12.52,6.71,0.0,5.0,47.5,3.9,77.0,23.0,7362457328425110800,https://www.tiktok.com/@rikyu.official/video/7362457328425110800
86,2024-04-26,牛たんソーセージ(大ヒット),サイドメニュー訴求,60.118,130768,122615.0,1238,33,13,61,1345,1.03,0.047,0.025,23.84,16.07,0.0,67.0,93.5,3.4,76.0,24.0,7362091917716262160,https://www.tiktok.com/@rikyu.official/video/7362091917716262160
87,2024-04-21,利久DAY告知(楽天),コラボ・イベントPR,79.915,43208,36426.0,850,19,173,97,1139,2.64,0.224,0.044,10.62,3.05,0.0,53.0,86.0,4.6,61.0,39.0,7360240416798575888,https://www.tiktok.com/@rikyu.official/video/7360240416798575888
88,2024-03-24,んー悩みます,定番・日常訴求,67.542,6129,4861.0,110,5,1,4,120,1.96,0.065,0.082,10.32,3.16,0.0,2.0,25.3,14.6,72.0,27.0,7348370844860697858,https://www.tiktok.com/@rikyu.official/video/7348370844860697858
89,2024-03-22,どれくらいいけそう,二択・クイズ・検証,55.68,13782,10498.0,176,0,4,13,193,1.4,0.094,0.0,22.9,14.23,0.0,11.0,61.3,3.0,65.0,29.0,7348369981073067265,https://www.tiktok.com/@rikyu.official/video/7348369981073067265
90,2024-03-20,牛たん最高,定番・日常訴求,51.776,5509,4531.0,85,2,2,2,91,1.65,0.036,0.036,12.42,9.18,0.0,5.0,29.1,5.8,74.0,25.0,7348369466964708610,https://www.tiktok.com/@rikyu.official/video/7348369466964708610
91,2024-03-09,まかない最高,定番・日常訴求,46.614,24123,21676.0,189,3,0,13,205,0.85,0.054,0.012,18.47,12.73,0.0,13.0,64.1,18.1,70.0,20.0,7344278687098932481,https://www.tiktok.com/@rikyu.official/video/7344278687098932481
92,2024-03-02,悲しすぎます,定番・日常訴求,35.35,36441,33038.0,355,4,4,27,390,1.07,0.074,0.011,15.1,18.5,0.0,28.0,86.5,1.8,76.0,18.0,7341681826072710402,https://www.tiktok.com/@rikyu.official/video/7341681826072710402
93,2024-02-28,幸せすぎます,定番・日常訴求,37.313,5492,4473.0,141,6,2,8,157,2.86,0.146,0.109,9.48,3.6,0.0,9.0,25.9,9.2,68.0,28.0,7340567908872965377,https://www.tiktok.com/@rikyu.official/video/7340567908872965377
94,2024-02-25,どっち派ですか,二択・クイズ・検証,50.049,36966,31562.0,474,15,2,33,524,1.42,0.089,0.041,18.55,14.7,0.0,35.0,86.1,4.6,88.0,11.0,7339071719916768519,https://www.tiktok.com/@rikyu.official/video/7339071719916768519
95,2024-02-24,質問あればコメント,定番・日常訴求,80.875,4519,3640.0,65,3,0,2,70,1.55,0.044,0.066,12.46,5.25,0.0,1.0,32.2,4.7,70.0,27.0,7339071402546449671,https://www.tiktok.com/@rikyu.official/video/7339071402546449671
96,2024-02-20,牛たんソーセージ絶品,サイドメニュー訴求,64.747,5763,4799.0,87,2,1,6,96,1.67,0.104,0.035,14.97,6.45,0.0,9.0,33.5,13.1,73.0,24.0,7337198647806889218,https://www.tiktok.com/@rikyu.official/video/7337198647806889218
97,2024-02-19,どっちを選ぶ,二択・クイズ・検証,48.449,11208,10229.0,136,2,0,9,147,1.31,0.08,0.018,13.67,6.11,0.0,7.0,67.0,4.0,79.0,18.0,7337198180133539074,https://www.tiktok.com/@rikyu.official/video/7337198180133539074
98,2024-02-18,ご飯が止まらない(特大ヒット),定番・日常訴求,45.249,2438709,1652257.0,35165,173,144,1366,36848,1.51,0.056,0.007,18.4,17.81,0.0,1366.0,34.3,65.0,55.0,43.0,7336477730990607617,https://www.tiktok.com/@rikyu.official/video/7336477730990607617
99,2024-02-17,もっと食べたい,定番・日常訴求,62.571,4909,4081.0,84,2,2,6,94,1.91,0.122,0.041,14.66,8.84,0.0,7.0,40.1,5.0,66.0,24.0,7336477146971524353,https://www.tiktok.com/@rikyu.official/video/7336477146971524353
100,2024-02-10,こんな経験ありませんか,二択・クイズ・検証,25.451,5809,5035.0,114,1,0,6,121,2.08,0.103,0.017,8.32,12.1,0.0,10.0,46.3,5.7,71.0,23.0,7333147635462802689,https://www.tiktok.com/@rikyu.official/video/7333147635462802689
101,2024-02-09,焼けると嬉しい,定番・日常訴求,48.171,8071,6824.0,174,3,3,11,191,2.37,0.136,0.037,8.42,3.18,0.0,9.0,56.4,9.1,67.0,27.0,7333147382311374081,https://www.tiktok.com/@rikyu.official/video/7333147382311374081
102,2024-02-08,どっちも美味しい,二択・クイズ・検証,50.113,3954,3286.0,75,2,2,4,83,2.1,0.101,0.051,8.58,4.29,0.0,2.0,36.2,11.8,65.0,27.0,7333146849336954113,https://www.tiktok.com/@rikyu.official/video/7333146849336954113
103,2024-02-05,どの組み合わせ,ランキング・比較,108.886,5258,4461.0,74,4,1,4,83,1.58,0.076,0.076,14.83,2.44,0.0,5.0,51.1,10.8,75.0,23.0,7332018231877684481,https://www.tiktok.com/@rikyu.official/video/7332018231877684481
104,2024-02-02,どっちが気になる,二択・クイズ・検証,51.649,4971,4140.0,53,5,1,3,62,1.25,0.06,0.101,5.89,1.83,0.0,2.0,24.1,38.8,58.0,40.0,7330921394731273474,https://www.tiktok.com/@rikyu.official/video/7330921394731273474
105,2024-02-01,アニメのような大盛りご飯(大ヒット),定番・日常訴求,38.379,131633,122306.0,655,10,4,48,717,0.54,0.036,0.008,19.01,23.53,0.0,97.0,88.1,9.0,72.0,22.0,7330556233486847233,https://www.tiktok.com/@rikyu.official/video/7330556233486847233
106,2024-01-28,ゆっくり解答,定番・日常訴求,37.867,5584,4708.0,55,0,1,1,57,1.02,0.018,0.0,10.63,15.23,0.0,2.0,29.5,31.9,66.0,31.0,7328692697110236418,https://www.tiktok.com/@rikyu.official/video/7328692697110236418
107,2024-01-27,どっち派,二択・クイズ・検証,33.451,4832,4029.0,66,1,0,3,70,1.45,0.062,0.021,8.88,5.22,0.0,4.0,39.0,22.7,68.0,30.0,7328692289356795137,https://www.tiktok.com/@rikyu.official/video/7328692289356795137
108,2024-01-25,近くに利久がなくても,定番・日常訴求,56.086,3079,2577.0,43,0,0,5,48,1.56,0.162,0.0,6.1,3.28,0.0,4.0,35.2,11.4,65.0,32.0,7327195892698729729,https://www.tiktok.com/@rikyu.official/video/7327195892698729729
109,2024-01-23,結局定番にしがち,定番・日常訴求,27.35,3759,3272.0,51,0,0,2,53,1.41,0.053,0.0,8.39,14.56,0.0,0.0,50.1,6.2,75.0,22.0,7327195326408903938,https://www.tiktok.com/@rikyu.official/video/7327195326408903938
110,2024-01-20,どっちも選べない,二択・クイズ・検証,34.582,13169,11555.0,184,6,1,14,205,1.56,0.106,0.046,12.64,13.19,0.0,10.0,80.4,5.8,86.0,13.0,7326098280721419522,https://www.tiktok.com/@rikyu.official/video/7326098280721419522
111,2024-01-18,焼き方を変えるだけで激変(大ヒット),二択・クイズ・検証,67.713,124063,116577.0,675,15,19,138,847,0.68,0.111,0.012,24.75,8.28,0.0,97.0,85.2,12.4,79.0,16.0,7325357531780435202,https://www.tiktok.com/@rikyu.official/video/7325357531780435202
112,2024-01-13,いい音です,焼き音・ASMR,48.214,4409,3664.0,86,2,0,5,93,2.11,0.113,0.045,12.59,8.9,0.0,4.0,53.7,7.5,76.0,22.0,7323492723888082177,https://www.tiktok.com/@rikyu.official/video/7323492723888082177
113,2024-01-10,賄いルーレット,参加・チャレンジ企画,17.707,13559,12356.0,82,0,0,4,86,0.63,0.03,0.0,9.18,21.82,0.0,3.0,86.9,1.7,88.0,12.0,7322381196636343554,https://www.tiktok.com/@rikyu.official/video/7322381196636343554
114,2024-01-08,牛たん食べれるかガチャ,参加・チャレンジ企画,22.251,16586,14784.0,92,1,0,5,98,0.59,0.03,0.006,10.51,15.96,0.0,17.0,87.4,0.9,87.0,13.0,7321640478414294290,https://www.tiktok.com/@rikyu.official/video/7321640478414294290
115,2024-01-04,ぜひ食べてみて,定番・日常訴求,20.971,3779,3155.0,35,0,0,2,37,0.98,0.053,0.0,6.19,9.44,0.0,2.0,50.9,10.8,76.0,23.0,7320151483238944008,https://www.tiktok.com/@rikyu.official/video/7320151483238944008
116,2024-01-01,今年もよろしく,定番・日常訴求,40.513,3473,2956.0,39,0,0,4,43,1.24,0.115,0.0,4.47,2.83,0.0,3.0,54.2,6.2,74.0,24.0,7319057415985581320,https://www.tiktok.com/@rikyu.official/video/7319057415985581320
117,2023-12-26,あいよ,定番・日常訴求,39.105,75011,68198.0,276,9,8,20,313,0.42,0.027,0.012,12.28,6.77,0.0,56.0,71.1,26.6,65.0,33.0,7316850597884382466,https://www.tiktok.com/@rikyu.official/video/7316850597884382466
118,2023-12-23,あなたはどっちがいい,二択・クイズ・検証,45.739,30332,27646.0,292,11,1,14,318,1.05,0.046,0.036,18.72,11.42,0.0,20.0,91.2,2.9,86.0,11.0,7315704362368650497,https://www.tiktok.com/@rikyu.official/video/7315704362368650497
119,2023-12-15,年末年始どう過ごす,定番・日常訴求,38.913,3128,2449.0,38,0,4,3,45,1.44,0.096,0.0,6.76,5.78,0.0,0.0,37.6,13.6,69.0,28.0,7312763573975993601,https://www.tiktok.com/@rikyu.official/video/7312763573975993601
120,2023-12-05,取れたてホヤ,サイドメニュー訴求,38.614,5472,4600.0,88,5,3,4,100,1.83,0.073,0.091,8.31,6.94,0.0,2.0,58.5,11.7,77.0,21.0,7309053542663294226,https://www.tiktok.com/@rikyu.official/video/7309053542663294226
121,2023-12-02,これ知ってる,定番・日常訴求,29.846,3672,3018.0,43,10,0,4,57,1.55,0.109,0.272,7.0,7.17,0.0,0.0,52.2,7.5,70.0,28.0,7307923596280597761,https://www.tiktok.com/@rikyu.official/video/7307923596280597761
122,2023-11-22,お家でテールスープ,サイドメニュー訴求,52.609,25542,21238.0,184,1,2,27,214,0.84,0.106,0.004,16.24,13.96,0.0,23.0,44.9,47.4,66.0,31.0,7304199393169706248,https://www.tiktok.com/@rikyu.official/video/7304199393169706248
123,2023-11-16,ぜひ試してみて,定番・日常訴求,64.938,6900,5467.0,120,1,6,16,143,2.07,0.232,0.014,14.26,7.06,0.0,8.0,25.3,47.4,58.0,37.0,7301981819279265031,https://www.tiktok.com/@rikyu.official/video/7301981819279265031
124,2023-11-13,特別賞も教えて(ランキング),ランキング・比較,70.08,3051,2424.0,51,0,2,3,56,1.84,0.098,0.0,6.08,2.98,0.0,0.0,36.7,22.7,65.0,31.0,7300858426672909575,https://www.tiktok.com/@rikyu.official/video/7300858426672909575
125,2023-11-09,お弁当売れ筋ランキング,ランキング・比較,62.016,3817,3130.0,97,2,1,5,105,2.75,0.131,0.052,11.09,6.04,0.0,7.0,39.5,27.8,61.0,30.0,7299411737227300104,https://www.tiktok.com/@rikyu.official/video/7299411737227300104
126,2023-11-06,いい企画ありませんか,定番・日常訴求,80.171,3780,3147.0,92,4,4,6,106,2.8,0.159,0.106,14.2,7.09,0.0,7.0,61.8,7.7,70.0,23.0,7298266881222348039,https://www.tiktok.com/@rikyu.official/video/7298266881222348039
127,2023-11-02,何かが始まる予感(おしんこ),サイドメニュー訴求,28.118,3707,2986.0,52,1,5,4,62,1.67,0.108,0.027,8.12,13.5,0.0,2.0,48.3,17.5,67.0,30.0,7296806868108856578,https://www.tiktok.com/@rikyu.official/video/7296806868108856578
128,2023-10-31,推しメニュー教えて(牛たんつくね),ランキング・比較,29.483,3942,3222.0,83,0,1,4,88,2.23,0.101,0.0,8.55,17.62,0.0,2.0,59.5,11.2,73.0,24.0,7296028739677326593,https://www.tiktok.com/@rikyu.official/video/7296028739677326593
129,2023-10-26,利久王道ランキング,ランキング・比較,39.851,2934,2189.0,87,13,4,4,108,3.68,0.136,0.443,8.93,8.78,0.0,4.0,40.7,20.4,63.0,34.0,7293439295208049927,https://www.tiktok.com/@rikyu.official/video/7293439295208049927
130,2023-10-24,最後の表情に注目,定番・日常訴求,36.416,11635,10004.0,194,0,1,14,209,1.8,0.12,0.0,18.06,23.95,0.0,20.0,81.7,7.4,78.0,15.0,7293438736040283410,https://www.tiktok.com/@rikyu.official/video/7293438736040283410
131,2023-10-18,これだけ貴重だった,定番・日常訴求,37.249,3472,2648.0,68,2,1,6,77,2.22,0.173,0.058,13.38,19.67,0.0,1.0,48.2,12.3,74.0,23.0,7291206955010493704,https://www.tiktok.com/@rikyu.official/video/7291206955010493704
132,2023-10-16,女性スタッフがやらかし(検証),製造・職人・舞台裏,38.209,12411,10046.0,102,4,4,6,116,0.93,0.048,0.032,17.54,21.95,0.0,6.0,83.9,3.9,67.0,32.0,7290479116187421970,https://www.tiktok.com/@rikyu.official/video/7290479116187421970
133,2023-10-14,牛たんのこだわりはココ,製造・職人・舞台裏,54.614,19787,17443.0,166,5,3,13,187,0.95,0.066,0.025,18.7,19.36,0.0,21.0,88.1,3.6,85.0,14.0,7287823595160587538,https://www.tiktok.com/@rikyu.official/video/7287823595160587538
134,2023-10-11,勝者は…？,定番・日常訴求,25.942,2182,1421.0,31,2,3,2,38,1.74,0.092,0.092,8.52,18.19,0.0,1.0,23.1,12.3,69.0,29.0,7288559576469753095,https://www.tiktok.com/@rikyu.official/video/7288559576469753095
135,2023-10-09,アレが食べられなくて辛い(工場),製造・職人・舞台裏,27.371,7897,6257.0,58,0,3,9,70,0.89,0.114,0.0,6.83,8.66,0.0,1.0,51.5,30.5,64.0,34.0,7287823312019885320,https://www.tiktok.com/@rikyu.official/video/7287823312019885320
136,2023-10-04,実は課長って…,製造・職人・舞台裏,62.785,32809,29635.0,407,11,6,33,457,1.39,0.101,0.034,27.33,25.5,0.0,23.0,91.9,2.8,88.0,10.0,7285922558371761416,https://www.tiktok.com/@rikyu.official/video/7285922558371761416
137,2023-09-30,熟成肉が美味しい理由(裏側),製造・職人・舞台裏,43.649,2419,1694.0,40,0,1,3,44,1.82,0.124,0.0,8.77,6.44,0.0,1.0,19.7,26.3,68.0,29.0,7283414158366772482,https://www.tiktok.com/@rikyu.official/video/7283414158366772482
138,2023-09-27,自宅で焼くとき保存必須(大ヒット),定番・日常訴求,90.006,128175,93803.0,1134,28,85,356,1603,1.25,0.278,0.022,22.54,7.82,0.0,57.0,6.2,92.0,48.0,50.0,7283413399659187457,https://www.tiktok.com/@rikyu.official/video/7283413399659187457
139,2023-09-25,うちの子可愛くない,定番・日常訴求,19.905,2218,1559.0,50,1,2,4,57,2.57,0.18,0.045,5.65,11.37,0.0,0.0,21.3,18.7,66.0,31.0,7281921940640500993,https://www.tiktok.com/@rikyu.official/video/7281921940640500993
140,2023-09-23,一目瞭然な違い(プロと素人),二択・クイズ・検証,22.209,12270,11022.0,115,3,5,19,142,1.16,0.155,0.024,10.89,20.94,0.0,6.0,40.9,43.5,45.0,32.0,7281921332311231745,https://www.tiktok.com/@rikyu.official/video/7281921332311231745
141,2023-09-20,炭を消すときどうしてる,定番・日常訴求,35.776,29361,26794.0,162,6,6,11,185,0.63,0.037,0.02,12.58,13.8,0.0,11.0,33.0,61.1,73.0,26.0,7280780017598991617,https://www.tiktok.com/@rikyu.official/video/7280780017598991617
142,2023-09-18,どちらが宮城県産,二択・クイズ・検証,79.254,65804,60942.0,488,20,8,30,546,0.83,0.046,0.03,28.02,19.35,0.0,97.0,95.0,1.7,86.0,11.0,7280050197072268545,https://www.tiktok.com/@rikyu.official/video/7280050197072268545
143,2023-09-16,利久のなぁぜなぁぜ,二択・クイズ・検証,30.166,11341,8240.0,161,4,18,16,199,1.75,0.141,0.035,7.98,10.44,0.0,16.0,9.0,69.8,47.0,51.0,7279331390502489346,https://www.tiktok.com/@rikyu.official/video/7279331390502489346
144,2023-09-14,ながの社長始球式コラボ,コラボ・イベントPR,61.803,51569,45465.0,953,14,15,67,1049,2.03,0.13,0.027,20.87,18.82,0.0,114.0,91.2,4.3,69.0,23.0,7278481134969687304,https://www.tiktok.com/@rikyu.official/video/7278481134969687304
145,2023-03-06,プロフェッショナルとは,製造・職人・舞台裏,64.278,6527,3291.0,42,4,10,4,60,0.92,0.061,0.061,7.54,3.37,0.0,7.0,10.2,49.3,52.0,46.0,7207416339307220225,https://www.tiktok.com/@rikyu.official/video/7207416339307220225
146,2023-03-04,利久の名前の誕生秘話は次回,製造・職人・舞台裏,17.387,7101,2983.0,57,2,7,6,72,1.01,0.084,0.028,6.04,9.87,0.0,20.0,21.6,41.4,54.0,44.0,7206596835916451073,https://www.tiktok.com/@rikyu.official/video/7206596835916451073
147,2023-03-03,「久」なのでお願い,定番・日常訴求,25.171,4980,2067.0,49,0,3,5,57,1.14,0.1,0.0,7.52,11.7,0.0,5.0,28.0,27.3,58.0,40.0,7206241167174847745,https://www.tiktok.com/@rikyu.official/video/7206241167174847745
148,2023-02-28,天ぷらもやってます,サイドメニュー訴求,113.987,15365,10042.0,439,9,10,9,467,3.04,0.059,0.059,10.18,2.44,0.0,198.0,76.6,10.3,64.0,35.0,7205165093753982209,https://www.tiktok.com/@rikyu.official/video/7205165093753982209
149,2023-01-19,牛タン嫌いな人はいない(タイムアタック),参加・チャレンジ企画,40.612,44786,8495.0,397,10,6,12,425,0.95,0.027,0.022,15.61,22.13,0.0,215.0,89.7,4.9,69.0,31.0,7190296307209178369,https://www.tiktok.com/@rikyu.official/video/7190296307209178369
150,2022-12-31,まかない見せちゃいます,定番・日常訴求,26.1,54734,,1015,7,18,16,1056,1.93,0.029,0.013,,,,,,,,,7182876097695010050,https://www.tiktok.com/@rikyu.official/video/7182876097695010050
151,2022-12-29,一グラムもミスしません,定番・日常訴求,39.846,98541,,2490,46,28,57,2621,2.66,0.058,0.047,,,,,,,,,7182496713251278081,https://www.tiktok.com/@rikyu.official/video/7182496713251278081
152,2022-12-17,秘密の味付け室,製造・職人・舞台裏,40.31,95174,,3105,23,23,94,3245,3.41,0.099,0.024,,,,,,,,,7178065784181099777,https://www.tiktok.com/@rikyu.official/video/7178065784181099777
153,2022-12-15,熟練の技(工場見学),製造・職人・舞台裏,41.843,23468,,263,5,16,8,292,1.24,0.034,0.021,,,,,,,,,7177308743539887361,https://www.tiktok.com/@rikyu.official/video/7177308743539887361
154,2022-12-11,牛タンだけではない(歴史),製造・職人・舞台裏,27.214,7895,,63,1,8,9,81,1.03,0.114,0.013,,,,,,,,,7175810356131007746,https://www.tiktok.com/@rikyu.official/video/7175810356131007746
155,2022-12-10,爽快感(皮むき),製造・職人・舞台裏,39.752,54733,,312,18,39,19,388,0.71,0.035,0.033,,,,,,,,,7175477993870003458,https://www.tiktok.com/@rikyu.official/video/7175477993870003458
156,2022-12-09,工場初公開,製造・職人・舞台裏,29.351,11040,,94,4,6,11,115,1.04,0.1,0.036,,,,,,,,,7175070097554345218,https://www.tiktok.com/@rikyu.official/video/7175070097554345218
157,2022-12-08,やっぱりテールスープ,サイドメニュー訴求,26.534,12918,,64,5,16,5,90,0.7,0.039,0.039,,,,,,,,,7174735792969944321,https://www.tiktok.com/@rikyu.official/video/7174735792969944321
158,2022-12-06,一度試してみては(職人),製造・職人・舞台裏,25.148,8351,,76,0,7,5,88,1.05,0.06,0.0,,,,,,,,,7173960481751846146,https://www.tiktok.com/@rikyu.official/video/7173960481751846146
159,2022-12-05,食材へのこだわり,製造・職人・舞台裏,49.111,8172,,70,4,7,7,88,1.08,0.086,0.049,,,,,,,,,7173599633657138433,https://www.tiktok.com/@rikyu.official/video/7173599633657138433
160,2022-12-02,厚切り秘話,製造・職人・舞台裏,49.505,5868,,57,4,4,4,69,1.18,0.068,0.068,,,,,,,,,7172470556556528897,https://www.tiktok.com/@rikyu.official/video/7172470556556528897
161,2022-12-01,苦難(コロナ),製造・職人・舞台裏,110.272,11554,,79,9,5,10,103,0.89,0.087,0.078,,,,,,,,,7172089689514511618,https://www.tiktok.com/@rikyu.official/video/7172089689514511618
162,2022-11-29,工場初公開(2),製造・職人・舞台裏,26.936,23106,,166,1,13,19,199,0.86,0.082,0.004,,,,,,,,,7171355767230991617,https://www.tiktok.com/@rikyu.official/video/7171355767230991617
163,2022-11-28,紆余曲折を経ました,製造・職人・舞台裏,63.112,55591,,517,67,47,36,667,1.2,0.065,0.121,,,,,,,,,7171028748504993026,https://www.tiktok.com/@rikyu.official/video/7171028748504993026
164,2022-11-27,自慢の牛タンを食べてみて,定番・日常訴求,25.148,11441,,119,9,11,7,146,1.28,0.061,0.079,,,,,,,,,7170595044460612866,https://www.tiktok.com/@rikyu.official/video/7170595044460612866
165,2022-11-26,tiktok初出し映像(工場見学),製造・職人・舞台裏,38.708,77174,,2035,11,20,32,2098,2.72,0.041,0.014,,,,,,,,,7170259943436684546,https://www.tiktok.com/@rikyu.official/video/7170259943436684546
